listing,price,brand,size
Chanel Rouge Allure Laque Small Make-up Pouch,99.0,Unknown,
Vera Bradley quilted handbag with adjustable strap in excellent condition,25.0,Unknown,
Louis Vuitton Red Vernis papillon bedford bag,775.0,Unknown,
UNIVERSAL THREAD Brown Leather Pouch,18.0,Unknown,
Brown Pig-Shaped Leather Crossbody Bag,50.0,Unknown,
Lululemon 6L Slouchy Sling Bag NWT Berry Rumble Crossbody Belt Bag,55.0,Unknown,
ILLY CAFFÈ Expo Milano Canvas Tote Bag,10.0,Unknown,
VERA BRADLEY Bandana Swirl‎ HANGING ORGANIZER Toiletry Cosmetic Bag,34.0,Unknown,
Patricia Nash Leather Croc Embossed Nela NorthSouth Frame Tote green bag A386257,135.0,Unknown,
Large Vera Tote A Cat' Life NWT,120.0,Unknown,
"Myra Colorful Wool, Leathered‎ and Faux Haired Crossbody",25.0,Unknown,
Elegant Floral Black Tote Bag,25.0,Unknown,
Kate Spade White and Beige Convertible Flap Shoulder Bag (NWTs),229.0,Unknown,
Juicy Couture Black Monogram Tote Shoulder Bag Gold Heart Lock Key Charm Purse,35.0,Unknown,
Vintage Elegant Beaded Handbag Purse Cream/White,18.0,Unknown,
Coach blush pink crossbody Bag or belt bag with Gold Chain,100.0,Unknown,
Nanette Lepore Wristlet Clutch Wallet Pink Burgundy‎ Tan Logo Convertible,17.0,Unknown,
Kate Spade yellow White Polka Dot Daisy Floral Canvas Tote Bag XL‎,24.0,Unknown,
Giorgio Armani cosmetic pouch,10.0,Unknown,
Michael Kors Olive Wallet with Gold Accents,75.0,Unknown,
Rebecca Minkoff Plum Snakeskin Covet Top Handle Bag,80.0,Unknown,
Kate Spade Pink Wristlet Wallet,50.0,Unknown,
Calvin Klein Hudson Backpack Black Gold • Pebbled Faux Leather • NWT MSRP $178,61.0,Unknown,
Brides‎ Maid Gift Tote,5.0,Unknown,
Juicy Couture Blue Quilted Shoulder Bag,38.0,Unknown,
Plexus backpack tan camel boho classic,65.0,Unknown,
Vera Bradley Puccini Small Tic‎ Tac Tote Double Shoulder Strap Toggle Tote Bag,16.0,Unknown,
Gucci Dionysus Mini Monogram. RARE PINK,1540.0,Unknown,
Betsey Johnson zippered clutch w/balloon dog charm & assorted masks,10.0,Unknown,
Coach Slim Envelope Wallet ~ Signature Canvas Light Khaki Chalk Style,45.0,Unknown,
Michael Kors Hamilton Wallet,69.0,Unknown,
Philip Lim Alix Soft Chain Leather Shoulder Bag red,275.0,Unknown,
🔥Lululemon All Night Festival Bag 5L - Black Gold Hardware Travel Crossbody,58.0,Unknown,
Elegant Beige Woven Crossbody Bag,20.0,Unknown,
Myra Bag Handmade Spur Tote Bag Upcycled Canvas & Cowhide Leather,60.0,Unknown,
Kipling Women's Tote Bag Purse in Black,42.0,Unknown,
RARE🍒 Christian Dior saddle pink Shoulder Bag,950.0,Unknown,
Vera Bradley Iconic Ultimate Jewelry Organizer in the Butterfly Flutter Pattern,25.0,Unknown,
Zara Black Bag with Sleek Design,35.0,Unknown,
NWT Ed Hardy Cellphone Skull Zip Around Compact Wallet,22.0,Unknown,
Rebecca Minkoff Saffiano Leather Crossbody Bag Ivory White,39.0,Unknown,
LOT BAGGU Denim Duck Bag and White Checkered Grocery Tote Shoulder Bag Purse,81.0,Unknown,
"John Robshaw Black & White Ikat print large tote bag, Leather Straps, Snap Close",32.0,Unknown,
American Eagle Canvas Tote Bag Cream Pink Eagle Logo Shoulder Bag,18.0,Unknown,
BADGLEY MISCHKA Diamond Quilted Camera Bag w/Pearls- Red (NWT),99.0,Unknown,
Lululemon‎ Everywhere Belt Bag Trench/White Opal Large Logo 1L,68.0,Unknown,
VON DUTCH ROSE GOLD REFLECTIVE BOWLING BAG NWT,129.0,Unknown,
Vintage La Regale Black Beaded Evening Bag Clutch Satin Lining Purse 5x6,24.0,Unknown,
NWT Diane von Furstenberg  Leather  Saddle Bag,298.0,Unknown,
Vintage Red Poppy Flowers Canvas Tote,20.0,Unknown,
💰New to Poshmark use code RUBYWOOSLIPPER for $10.00 off your 1st purchase 💰,500.0,Unknown,
kate spade Catherine Street Pippa satchel,65.0,Unknown,
"Michael Kors Jet Set Large EW Ombré Signature Logo Crossbody Body
Jungle Green",97.0,Unknown,
Chanel Travel Line Coco Tote CC Logo Monogram Beige Cream Nylon Vintage,560.0,Unknown,
Warner Bros. Harry Potter Black/Red Women's Bag,18.0,Unknown,
Calvin Klein Signature CK Monogram LOGO Doctors Bag‎ NWOT Tan White Handles,165.0,Unknown,
Isaac Mizrahi Burgundy Vegan Leather Satchel – Perfectly Chic & Functional!,54.0,Unknown,
Louis Vuitton Murakami Kisslock Wallet,599.0,Unknown,
Disney Marie plush backpack NWT,75.0,Unknown,
Vintage Coach Sonoma Small Bucket Bag Espresso Pebbled Leather 4907 1995,135.0,Unknown,
Coach Jordy Backpack Purse in Chalk w Signature Tan Accents - Perfect‎,225.0,Unknown,
Like New Michael Kors Hunter Green Cross Body/Shoulder Bag,49.0,Unknown,
Coach Charlotte CX580 Gunmetal Signature Canvas Leather Shoulder Bag,160.0,Unknown,
Tory Burch Cream Quilted Willa Shoulder Bag,300.0,Unknown,
Matt & Nat Vibrant Vegan Green Shoulder Bag 100% Recycled Material,150.0,Unknown,
TY Flamingo Plush Two Toned Sequin Hot Pink Children's Fanny Pack/Belt Bag Y2K,15.0,Unknown,
Bueno Large vegan leather brown tote with large silver stud accents,30.0,Unknown,
Ferragamo Tan Leather Crossbody Bag Vintage,100.0,Unknown,
Authentic Chanel 19 Gray Taupe Wallet,390.0,Unknown,
Bestie Boo's Live Listing,333.0,Unknown,
NWT Athleta Blue Ombre Tote Bag,18.0,Unknown,
Kate Spade Darcy Colorblock Bucket Bag Crossbody In Pale Hydra,149.0,Unknown,
Elegant Black and Brown Women's Bag,18.0,Unknown,
Betsy Johnson Black Pebbled Faux Leather Zippered Clutch Pouch‎,36.0,Unknown,
NWT kate spade Southport Avenue Maria Bag in Black,342.0,Unknown,
Varsity Titans Red Sparkle & Black One Size Crossbody Bag Fanny Pack,24.0,Unknown,Crossbody Bag Fanny Pack
A10 | Kate Spade Light Pink Drawstring dust jacket Bag,25.0,Unknown,
Embroidered Boho Indian Colorful Bag 20.4 Inch x 12.5 Inch Approx.,41.0,Unknown,
Nine West light brown Crossbody Bag faux pebble leather satchel bag,27.0,Unknown,
GUCCI GG Zumi Compact Wallet Wristlet with Box & Dust Bag!,580.0,Unknown,
VINTAGE Dawli crossbody pearlescent white leather purse,80.0,Unknown,
Coach Chelsea East-West Patent Leather Tote,199.0,Unknown,
"TIANA SMALL GREEN, YELLOW SEED BEAD BOTTLE CROSSBODY BAG",70.0,Unknown,
Sorpresa Large Fold Over Clutch Wristlet‎,29.0,Unknown,
Clinique Floral Multi-Color Women's Cosmetic Bag,15.0,Unknown,
Tote Bag Sleepy Beagle Night By Aja Trier Poly Poplin Multicolor NWT,28.0,Unknown,
Lululemon Festival Bag 5L • Black/Gold • NewA,55.0,Unknown,
Stella Bianca Geometric Multicolor Crossbody,50.0,Unknown,
Harry Potter x ULTA Ravenclaw Cosmetics Makeup Bag / Case RARE Hogwarts Blue NWT,28.0,Unknown,
ALO Yoga Explorer Convertible Pack | 3L Nylon Waist Bag,55.0,Unknown,
"MICHAEL KORS CARMEN MEDIUM LOGO AND FAUX LEATHER WALLET
PALE GOLD 
NWT",86.0,Unknown,
"(P4) Leather shoulder bag with various vintage prints from the 70s, gold eville",55.0,Unknown,
Alexander McQueen Gray Heroine Shopper 30,1275.0,Unknown,
B Makowsky saddle hobo Soft Leather shoulder bag,58.0,Unknown,
Coco And‎ Carmen Vegan Leather Mauve Crossbody Handbag,17.0,Unknown,
MICHAEL KORS STUDIO Mercer Black Leather Large Convertible Tote Bag,165.0,Unknown,
Michael Kors Metallic Leather Coin Purse Wallet Zip Pouch Small Card Holder Logo,13.0,Unknown,
Stylish Brass-tone Studded Distressed Flap Satchel Women Envelope Evening Clutch,60.0,Unknown,
Tory Burch large laser cutout zip clutch pouch White clear pvc lining gold charm,55.0,Unknown,
Ed Hardy Heart-Shaped Purse with Red and Yellow Design,20.0,Unknown,
Chloe Long Leather Black Wallet Bi Fold Zip Front,69.0,Unknown,
Elegant Pink Liz Claiborne Crocodile-Embossed Handbag,50.0,Unknown,
"♠️kate spade Hello Kitty & Friends X Kate Spade New York Small Tote Bag, Natural",399.0,Unknown,
NWT Large dinosaur canvas tote bag,16.0,Unknown,
Vintage Cole Haan leather and woven thread Handbag. Brass de…,135.0,Unknown,
Women 02-coffee Wallet Imported Zipper Purse Crossbody Bags,75.0,Unknown,
MONSAC Ombré Boars Hair & Goat Leather Wristlet,112.0,Unknown,
Bebe Chic Blue Faux Leather Crossbody Bag-NWOT,34.0,Unknown,
Upcycled Belt Bag,20.0,Unknown,
Bearpaw Crossbody,35.0,Unknown,
Kate Spade Huge Heart Print Tote Bag,300.0,Unknown,
"St. Johns Bay Mustard‎ Yellow Genuine Leather Shoulder Bag, Crossbody Bag.",23.0,Unknown,
Michael Kors Jet Set Bucket Tote Bag,125.0,Unknown,
Fabric Floral-Print tote/shoulder bag/purse with pink & green accents over Beige,28.0,Unknown,
NWT! COACH Rogue 31 with Lock Leather Handbag Crossbody Bag Purse,1500.0,Unknown,
Louis Vuitton Clemence Long Wallet N60099 Damier Azur Rose Ballerine,1599.0,Unknown,
Sondra Roberts Tan Floral Clutch,32.0,Unknown,
Meli Melo Rose Thela Cafe Latte Brown Leather Boho Hobo Purse Bag,94.0,Unknown,
Laura Mercier Blush Pink Crossbody Pouch Bag w/ Strap | NWOT,45.0,Unknown,
Kate Spade Alyssa Wellesley Robins Egg Blue Leather Crossbody/Satchel Classic,85.0,Unknown,
Authentic Gucci  Wallet trifold Vintage GG,215.0,Unknown,
LOUIS VUITTON Vernis Long Bifold Wallet,79.0,Unknown,
Celine Vintage Clutch,250.0,Unknown,
Balenciaga Neo Folk Suede Messenger Bag,800.0,Unknown,
NWT A New Day Elegant Black Mini Bag,20.0,Unknown,
"Baggallini Shoulder or Crossbody Bag. 10” x 11.5”. Red, maroon color.",25.0,Unknown,
Salvatore Ferragamo Insignia Zip Travel Case / Cosmetic Bag,395.0,Unknown,
Burberry Blue Leather Crossbody Bag or clutch,250.0,Unknown,
Authentic Versace Calfskin Virtus Tote Bag Black,575.0,Unknown,
Rebecca Minkoff Crossbody Bag with Adjustable Strap and Minimalist Design,65.0,Unknown,
Burberry Checkered Shoulder Bag,450.0,Unknown,
PRADA Portafoglio Lampo Bi-fold Wallet 1ML225 Red Leather,1627.0,Unknown,
CELINE Paris Large White Shopping Tote Bag 16'x16'x7' Black Handles Store Ba,35.0,Unknown,
Authentic Louis Vuitton Monogram Pochette Felicie Chain Wallet Fuchsia Pink,1399.0,Unknown,
Kate Spade Light Gray Satchel,61.0,Unknown,
JUICY WORLD TRAVEL DENIM BLUE TOTE W CHARMS!!! New,98.0,Unknown,
Michael Kors Womens Mercer Leather Pebbled Satchel Handbag,50.0,Unknown,
"W&P Porter Ceramic Mug  Cream White 
Silicone Wrapped To-Go Cup Eco-Friendly",25.0,Unknown,
Authentic CHANEL Lambskin Matelasse wallet on chain crossbody bag,1250.0,Unknown,
[Trader Joe’s] NWT Limited Edition Halloween Mini-Tote Bags - 2025 Purple Green,20.0,Unknown,
Coach Molly Tote 25 Signature Jacquard Stripe Pink & Brown Canvas Leather C4086,145.0,Unknown,
"Rare Kate Spade silver Glitter Card Holder, w/storybook lining w/2 card …",54.0,Unknown,
Coach Tote 42 with Horse and Carriage in canvas with a palm tree print,199.0,Unknown,
VNTG DOONEY & BOURKE H3 44475 tote Shoulderbag small purse,75.0,Unknown,
SET NWT Kate Spade Berkshire Rd Cherry Red Vinyl Hobo w/ EUC Olivia Joy Wallet​,150.0,Unknown,
Vera Bradley Turn Lock Wallet Pink,20.0,Unknown,
Kate Spade New York Black Leather Crossbody Shoulder Bag Distressed,15.0,Unknown,
Bally Crossbody Rare Vintage Deep Navy Blue & White,135.0,Unknown,
NWT Juicy Couture State of My Heart Satchel in Dusty Blue,40.0,Unknown,
Jessica Simpson Clutch Handbag Crossbody Chain Strape Punched Scallop Brown,15.0,Unknown,
Kate Spade New York Red Adel Zip Top Crossbody NWOT,85.0,Unknown,
Etro vintage messenger crossbody EUC,399.0,Unknown,
Kate Spade Spring Floral Large Tote & Wristlet Zip Pouch Set,238.0,Unknown,
Boston Terrier Frenchie Cosmetic Bag Case Saffiano Vinyl Purple Lined NWT,25.0,Unknown,
"Taylor Swift canvas, double-sided tote white",10.0,Unknown,
Michael Kors Gray and Black Satchel Bag,50.0,Unknown,
Chanel Caviar Coco Top Handle Bag NEW🔥LIMITED EDITION 🔥23P Latest collection,9885.0,Unknown,
$528! FREE PEOPLE  We The Free Preslyn Raffia Tote NEW,428.0,Unknown,
Staud Tan Leather Bean Demi Bag / Clutch,92.0,Unknown,
Fossil Vintage Black Leather Mini Crossbody Bag Zippered Organizer Purse,14.0,Unknown,
The North Face Lumbar Fanny Pack Waist Hip Bag Hiking Green Outdoor Campcore 90s,40.0,Unknown,
Victoria’s Secret PINK Canvas Tote Bag Gray White LOVE PINK Large,18.0,Unknown,
"Carry On Travel Duffle Bag, gym bag, large shoulder strap bag for travel",118.0,Unknown,
BURBERRY Nova Check Shoulder Bag Wool Red Silver,738.0,Unknown,
Chain black and silver purse small,14.0,Unknown,
Forever Young Floral Parrot Wallet NWT​,25.0,Unknown,
One of a kind handmade crossbody with upcycled materials.,70.0,Unknown,
August black suede large fold over Clutch,13.0,Unknown,
Ipsy Sanrio Gudetama Lazy Meh Egg Cosmetic Pouch Pen Pencil Pouch Japan,14.0,Unknown,
Relic by Fossil Floral Envelope Shoulder Bag Canvas Boho Purse,27.0,Unknown,
Marc Jacobs Large Rocket Tote with large rockstuds grey taupe leather,100.0,Unknown,
Kate Spade Laurel Way Medium Cream & Black Tote Purse Handbag Saffiano Leather,100.0,Unknown,
GUCCI GG Beige Canvas With Brn Leather Coin Purse Clutch/Wallet,56.0,Unknown,
Kate Spade Cream and Red Wallet,12.0,Unknown,
Fossil Monogram Canvas Brown Shoulder Satchel Purse,30.0,Unknown,
Louis Vuitton Red Epi International Wallet,148.0,Unknown,
Fossil Leather Liza Slim Wallet | Black Leather | Gold Metal,20.0,Unknown,
Authentic Coach Wristlet,50.0,Unknown,
Michael Kors Beige Signature Logo Wristlet/Purse New,40.0,Unknown,
Borse In Pelle Geniune Leather Snake Print Shoulder Crossbody Bag,125.0,Unknown,
Coach crossgrain long wallet,46.0,Unknown,
Bebe Tan and Gold Clutch with Chain Strap,9.0,Unknown,
Vera Bradley Daisy Daisy Sherry Mini Bag Retired Pattern Green Blue,22.0,Unknown,
Kate Spade Bridal Wedding Gift 3D Rose Crossbody Bag Novelty Purse Handbag NWT,298.0,Unknown,
Plaid and Patterned  Cotton Tote Bag,24.0,Unknown,
Antik Kraft White Beaded Bag,52.0,Unknown,
Vintage Crochet blue kiss lock gold hardware Handcrafted Navy Blue Clutch purse,35.0,Unknown,
Vintage Tooled Leather Clutch Purse Bag Brown Western Rodeo Zip around  patina *,35.0,Unknown,
Christian Dior Vintage Navy Shoulder Bag w/Twilly & Insert Added,123.0,Unknown,
Vintage beige quilt leather crossbody shoulder bag,50.0,Unknown,
Hello Kitty Green Floral Tote,17.0,Unknown,
"Dooney & Bourke nylon North South Triple Zip crossbody preppy, vacation, travel",26.0,Unknown,
Fun items,8888.0,Unknown,
Bohemian Style Large Tote,85.0,Unknown,
Killstar × Rob Zombie Spiderweb Kisslock Bag | Discontinued | Crossbody,225.0,Unknown,
MAJE French Luxury Sky Blue Fringe M Leather Crossbody Bag.,150.0,Unknown,
Authentic Dior Trotter Bag,1250.0,Unknown,
Louis  Vuitton Pochette- very good condition. Authentic guaranteed,500.0,Unknown,
Black Leather Wallet • Gold Accent Minimalist Clutch Wallet • Women’s Classic,13.0,Unknown,
Park and Faith Cognac Pebble Faux Leather Finish Mini  Backpack,40.0,Unknown,
